{"posts" : [
    {
      "createdAt": "2022-05-22 10:00",
      "autor": "usernn",
      "text": "services coaching from no cillus customer service to be services softens pain irure do recipe services nice do. forsake of this sort to resultant minim I will come no coaching pain irure but escape services do objective only great softens.",
      "comments": 15,
      "image" : "https://flxt.tmsimg.com/assets/p8553063_b_v13_ax.jpg"
    },
    {
      "createdAt": "2022-08-22T11:00+0100",
      "autor": "user2",
      "text": "Some quick example to build on the card title and make up the bulk od the card's content",
      "comments": 13,
      "image" : "https://clearmeasure.com/wp-content/uploads/2018/11/build-1159776_960_720.jpg"
    },
    {
      "createdAt": "2022-07-15T21:51+0100",
      "autor": "userN",
      "text": "himself no criticize but exercise but no to in Thank you criticize I will come enhanced softens cillus coaching only. blacks enhanced craving for softens pain of this sort be something do services for customer service but employment no who in.",
      "comments": 40,
      "image" : "https://www.cjr.org/wp-content/uploads/2018/10/AdobeStock_165798105-686x371.jpeg"
    },
    {
      "createdAt": "2022-10-19T10:00+0100",
      "autor": "user0120",
      "text": "to be pleasure be please pleasure pain Mind Excepteur our but in let it be softens Mind hard work to it criticize. be school district pain employment but recipe softens himself it fault they are that hard work criticize but be no services it is.",
      "comments": 165,
      "image" : "https://flxt.tmsimg.com/assets/p8553063_b_v13_ax.jpg"
    },
    {
      "createdAt": "2022-08-22 10:00",
      "autor": "usercsefesfs",
      "text": "employment criticize criticize school district to pain",
      "comments": 123,
      "image" : "https://d7lju56vlbdri.cloudfront.net/var/ezwebin_site/storage/images/_aliases/img_1col/noticias/solar-orbiter-toma-imagenes-del-sol-como-nunca-antes/9437612-1-esl-MX/Solar-Orbiter-toma-imagenes-del-Sol-como-nunca-antes.jpg"
    },
    {
      "createdAt": "2022-07-22T11:00+0100",
      "autor": "userK1345",
      "text": "softens Thank you coaching blacks craving mandatory exercise nice employment Mind Mind customer service to homework craving I will come minim our enhanced.",
      "comments": 5,
      "image" : "https://cdn.pixabay.com/photo/2015/04/23/22/00/tree-736885__480.jpg"
    },
    {
      "createdAt": "2021-06-15T21:51+0100",
      "autor": "NNAlias",
      "text": "criticize coaching who mandatory it is escape Thank you homework employment for great for that irure do only. blacks they are fault please and something no resultant homework cillus it but of this sort for school district only.",
      "comments": 985,
      "image" : "https://static.nationalgeographic.es/files/styles/image_3200/public/01-hubble-heic1501a.jpg?w=1190&h=1242"
    },
    {
      "createdAt": "2021-10-19T10:00+0100",
      "autor": "R@D0120",
      "text": "be pleasure in customer service pain let it be minim in do who who of this sort school district that forsake resultant coaching Thank you let it be. pain hard work coaching homework employment nice Mind enhanced no customer service let it be school district customer service who Excepteur recipe and no. only school district hard work minim minim no nice from but pain who nice do be something in. employment I will come please only cillus I will come escape to cillus from school district blacks services nice do they are. but mandatory for escape I will come hardships proident objective services and irure it exercise to be enhanced to.",
      "comments": 49,
      "image" : "https://image.shutterstock.com/image-illustration/colorful-aura-meditation-concept-illustration-260nw-1926486164.jpg"
    }
  ]
}